{"sane": true, "normalizes": true, "range": true, "log_prob": -859.3284509303048, "avg_log_prob": -1.7186569018606097, "perplexity": 5.577032929232672}